id,first_name
1,Jan
2,Piotr
3,Andrzej
4,Michał
5,Tomasz
6,Paweł
7,Krzysztof
8,Marcin
9,Adam
10,Łukasz
11,Mateusz
12,Jakub
13,Szymon
14,Grzegorz
15,Karol
16,Daniel
17,Patryk
18,Damian
19,Rafał
20,Bartosz
21,Filip
22,Igor
23,Oskar
24,Antoni
25,Leon
26,Franciszek
27,Henryk
28,Stanisław
29,Wojciech
30,Zbigniew
31,Stefan
32,Emil
33,Julian
34,Alan
35,Denis
36,Adrian
37,Artur
38,Kamil
39,Robert
40,Sebastian
41,Victor
42,Oliver
43,Lucas
44,Noah
45,Liam
46,Ethan
47,Leo
48,Alexander
49,Maximilian
50,Theo
51,Anna
52,Katarzyna
53,Agnieszka
54,Magdalena
55,Ewa
56,Małgorzata
57,Joanna
58,Monika
59,Aleksandra
60,Natalia
61,Karolina
62,Paulina
63,Marta
64,Sylwia
65,Dorota
66,Barbara
67,Beata
68,Elżbieta
69,Zofia
70,Helena
71,Julia
72,Amelia
73,Lena
74,Maja
75,Laura
76,Olivia
77,Emma
78,Sophia
79,Isabella
80,Charlotte
81,Mia
82,Ava
83,Clara
84,Ella
85,Luna
86,Emilia
87,Victoria
88,Hanna
89,Ingrid
90,Nina
91,Alina
92,Irina
93,Anastasia
94,Elena
95,Veronika
96,Petra
97,Klara
98,Lucia
99,Sara
100,Vanessa