id,last_name
1,Nowak
2,Kowalski
3,Wiśniewski
4,Wójcik
5,Kowalczyk
6,Kamiński
7,Lewandowski
8,Zieliński
9,Szymański
10,Woźniak
11,Dąbrowski
12,Kozłowski
13,Jankowski
14,Mazur
15,Wojciechowski
16,Kwiatkowski
17,Kaczmarek
18,Piotrowski
19,Grabowski
20,Zając
21,Król
22,Pawłowski
23,Michalski
24,Adamczyk
25,Dudek
26,Zalewski
27,Sikora
28,Baran
29,Olszewski
30,Tomaszewski
31,Borkowski
32,Czarnecki
33,Wróbel
34,Sawicki
35,Walczak
36,Stępień
37,Górski
38,Rutkowski
39,Marciniak
40,Sokołowski
41,Kubiak
42,Wilk
43,Lis
44,Kołodziej
45,Majewski
46,Mróz
47,Urban
48,Piasecki
49,Błaszczyk
50,Jaworski
51,Smith
52,Johnson
53,Williams
54,Brown
55,Jones
56,Garcia
57,Miller
58,Davis
59,Rodriguez
60,Martinez
61,Hernandez
62,Lopez
63,Gonzalez
64,Wilson
65,Anderson
66,Thomas
67,Taylor
68,Moore
69,Jackson
70,Martin
71,Lee
72,Perez
73,Thompson
74,White
75,Harris
76,Sanchez
77,Clark
78,Ramirez
79,Lewis
80,Robinson
81,Walker
82,Young
83,Allen
84,King
85,Wright
86,Scott
87,Torres
88,Nguyen
89,Hill
90,Green
91,Adams
92,Baker
93,Nelson
94,Carter
95,Mitchell
96,Roberts
97,Turner
98,Phillips
99,Campbell
100,Parker