id,name,city,capacity,description,built_date,last_renovation_date
1,AquaWave Academy,Warszawa,75,A modern swimming school offering classes for all age groups. Certified instructors ensure safe and effective training. Ideal for beginners and advanced swimmers alike.,2018-09-07,2019-12-07
2,Blue Dolphin Swim School,Kraków,300,This swimming school focuses on technique and endurance. Lessons are tailored to individual needs and progress levels. Friendly atmosphere encourages confidence in water.,2023-04-07,2024-01-13
3,AquaPro Swim Center,Wrocław,804,Family-oriented swimming center with small group classes. Emphasis is placed on safety and fun learning. Perfect for children and adults starting their journey.,2000-01-06,2006-04-10
4,HydroSkills Academy,Poznań,808,A professional swimming academy with experienced coaches. Programs include competitive training and recreational lessons. Facilities are clean and well-maintained.,1994-08-07,2024-12-14
5,SwimMaster School,Gdańsk,654,This school offers flexible schedules for busy students. Classes are designed to improve skills step by step. Great environment for consistent progress.,2014-06-19,2015-06-10
6,DeepBlue Swimming,Szczecin,80,Swimming lessons led by certified lifeguards and instructors. Focus on water safety and proper technique. Suitable for all skill levels.,2008-12-04,2009-08-21
7,AquaFlow Institute,Łódź,288,A welcoming swimming school with modern pools. Instructors use engaging methods to teach efficiently. Students build confidence quickly.,1994-03-16,2004-01-05
8,OceanFit Swim School,Lublin,624,This academy provides structured training programs. Emphasis on discipline and technique refinement. Ideal for those aiming to improve performance.,2012-09-01,2013-04-06
9,WaveRiders Academy,Białystok,479,Beginner-friendly swimming school with patient instructors. Lessons are adapted to each student’s pace. Safe and supportive learning environment.,1998-12-02,2023-05-13
10,Crystal Water School,Katowice,653,A high-quality swimming facility with experienced staff. Offers both group and private lessons. Focus on long-term skill development.,1999-11-21,2020-01-14
11,AquaElite Swim,Gdynia,827,This school specializes in children’s swimming education. Fun activities are combined with essential skills. Builds strong foundations early.,2002-06-24,2002-10-08
12,Neptune Swim Academy,Częstochowa,398,Professional instructors guide students through all levels. Focus on improving stamina and coordination. Great for regular training.,1997-02-28,2016-02-13
13,WaterMotion School,Radom,270,A community-based swimming school with friendly staff. Lessons are interactive and engaging. Encourages social learning.,2002-06-19,2009-06-09
14,BlueWave Training,Sosnowiec,144,Advanced training programs available for competitive swimmers. Coaches provide detailed feedback. Excellent for performance improvement.,2005-02-05,2007-05-23
15,AquaPulse Academy,Toruń,417,This school offers personalized lesson plans. Each student receives individual attention. Ideal for fast progress.,2007-01-16,2009-03-18
16,HydroActive Swim,Kielce,320,Modern swimming center with state-of-the-art facilities. Lessons are safe and well-organized. Suitable for families and individuals.,2005-06-06,2018-12-20
17,WaveLine School,Rzeszów,520,A calm and supportive environment for learning to swim. Instructors focus on building trust in water. Great for nervous beginners.,1991-12-13,2024-09-05
18,AquaSprint Center,Olsztyn,994,This academy combines fitness and swimming education. Programs improve both strength and technique. Suitable for all ages.,2014-01-20,2015-06-15
19,BlueCurrent Swim,Bydgoszcz,615,Swimming school with flexible lesson options. Students can choose group or private sessions. Designed for convenience and effectiveness.,2006-12-24,2008-09-29
20,SwimSphere Academy,Zielona Góra,693,A trusted school with many years of experience. Instructors are highly qualified. Strong focus on safety standards.,2003-02-25,2021-10-02
21,AquaMotion School,Opole,641,This swimming center offers intensive training courses. Rapid improvement is encouraged through structured lessons. Great for motivated learners.,2017-09-29,2021-10-19
22,OceanCore Swim,Elbląg,96,A relaxed environment with professional guidance. Lessons are adapted to skill level. Helps build confidence quickly.,1998-08-17,2001-09-29
23,WaveForce Academy,Płock,841,School focused on both technique and enjoyment. Learning is made fun and effective. Suitable for children and adults.,2019-08-31,2020-12-09
24,AquaZone School,Wałbrzych,925,A well-equipped swimming facility with modern pools. Instructors ensure high-quality training. Great for consistent improvement.,2002-12-25,2004-10-08
25,HydroFit Academy,Tarnów,439,This academy emphasizes correct posture and movement. Lessons are detailed and progressive. Ideal for refining skills.,2000-06-11,2004-12-21
26,BlueStream Swim,Chorzów,700,Family-friendly swimming school with experienced coaches. Classes are engaging and safe. Perfect for all ages.,2002-06-21,2022-10-22
27,AquaVision School,Koszalin,429,This school provides structured beginner programs. Focus on basic techniques and water safety. Strong foundation for future learning.,2006-05-14,2010-01-05
28,WaveSkill Academy,Kalisz,736,A professional team of instructors guides each student. Lessons are efficient and well-planned. Great for improving quickly.,2005-12-08,2010-08-20
29,SwimLab Center,Legnica,673,Swimming school offering both recreational and competitive programs. Coaches adapt training to goals. Excellent learning environment.,2001-12-23,2005-03-06
30,AquaPeak Training,Grudziądz,596,A welcoming place for learning to swim. Friendly instructors support each student. Builds confidence step by step.,2018-06-26,2020-05-26
31,BlueLagoon Swim,Słupsk,217,This academy offers small class sizes for better attention. Lessons are interactive and focused. Ideal for faster progress.,2022-09-16,2023-05-24
32,HydroWave Academy,Jaworzno,326,A modern facility with clean and safe pools. Instructors emphasize technique and safety. Suitable for all levels.,2010-09-26,2019-03-31
33,AquaFlex School,Jelenia Góra,274,School focused on long-term swimming development. Students improve gradually and consistently. Great for regular practice.,2018-09-16,2024-12-14
34,SwimCraft Academy,Nowy Sącz,913,This swimming center encourages active participation. Lessons are dynamic and engaging. Helps build strong swimming skills.,2020-09-16,2022-07-12
35,OceanDrive Swim,Konin,891,A professional academy with experienced coaches. Programs include technique correction and endurance training. Ideal for serious learners.,1992-07-05,2002-10-13
36,AquaEdge Training,Piotrków Trybunalski,460,Swimming school with flexible scheduling options. Classes are convenient and well-organized. Suitable for busy individuals.,1991-06-10,2005-08-03
37,WavePro School,Inowrocław,266,This school provides a supportive learning atmosphere. Instructors are patient and attentive. Perfect for beginners.,2002-01-04,2004-12-23
38,BlueOcean Academy,Ostrowiec Świętokrzyski,372,A well-established swimming academy with strong reputation. Focus on quality teaching. Students achieve steady progress.,2015-06-11,2023-06-29
39,AquaCore Swim,Suwałki,455,This center offers both group and individual lessons. Training is adapted to personal needs. Effective and practical approach.,1999-07-16,2021-12-06
40,HydroLine School,Gorzów Wielkopolski,196,A safe and friendly environment for swimming education. Lessons are clear and structured. Ideal for children and adults.,2018-11-02,2023-12-25
41,SwimPoint Academy,London,302,Professional instructors help students improve quickly. Lessons focus on technique and coordination. Great for skill development.,2001-11-18,2008-02-22
42,AquaRise Center,Paris,601,This academy combines fun and discipline in training. Students stay motivated and engaged. Suitable for all ages.,2023-06-02,2024-12-27
43,WaveMaster School,Berlin,969,A modern swimming school with experienced staff. Lessons are efficient and safe. Encourages confidence in water.,2001-10-14,2021-01-01
44,BlueDepth Swim,Madrid,420,This center provides personalized coaching. Each student receives tailored feedback. Ideal for rapid improvement.,2016-03-05,2020-08-26
45,AquaTrack Academy,Rome,571,A friendly school with focus on water safety. Lessons are simple and effective. Great for beginners.,1999-11-03,2006-01-16
46,HydroSphere School,Vienna,823,Swimming academy offering advanced training programs. Coaches help refine technique. Suitable for competitive swimmers.,2012-02-20,2014-03-05
47,SwimQuest Academy,Prague,206,This school emphasizes comfort and safety in water. Lessons are calm and supportive. Perfect for nervous learners.,1992-02-11,1997-01-11
48,AquaSpeed Center,Budapest,861,A well-equipped facility with professional instructors. Classes are structured and engaging. Encourages steady progress.,2018-02-23,2019-12-10
49,WaveElite School,Amsterdam,660,This academy offers a variety of swimming programs. Students can choose based on goals. Flexible and effective learning.,2020-07-11,2022-11-22
50,BlueWater Academy,Brussels,440,A welcoming environment with skilled instructors. Lessons are interactive and enjoyable. Great for building confidence.,1992-11-06,2010-02-09
