id,description
1,"Classes are designed to improve swimming technique and overall performance. The goal is to develop solid swimming skills step by step. Regular practice helps improve strength, speed, and technique. Training takes place in a safe and supportive environment. Lessons are adapted to match the abilities of each participant. The program focuses on building confidence and consistency in the water."
2,"Classes are designed to improve swimming technique and overall performance. Lessons are adapted to match the abilities of each participant. Participants work on different strokes, breathing, and body control in the water. Training takes place in a safe and supportive environment. The goal is to develop solid swimming skills step by step. The program focuses on building confidence and consistency in the water."
3,"Participants work on different strokes, breathing, and body control in the water. Swimmers practice both individual skills and group exercises. The goal is to develop solid swimming skills step by step. The program focuses on building confidence and consistency in the water. Lessons are adapted to match the abilities of each participant. Regular practice helps improve strength, speed, and technique."
4,"Swimmers practice both individual skills and group exercises. Instructors provide individual feedback to help swimmers progress effectively. The program focuses on building confidence and consistency in the water. Regular practice helps improve strength, speed, and technique. Lessons are adapted to match the abilities of each participant. Training takes place in a safe and supportive environment."
5,"Regular practice helps improve strength, speed, and technique. Instructors provide individual feedback to help swimmers progress effectively. Classes are designed to improve swimming technique and overall performance. The goal is to develop solid swimming skills step by step. Sessions include drills, endurance training, and coordination exercises. Swimmers practice both individual skills and group exercises."
6,"Lessons are adapted to match the abilities of each participant. Regular practice helps improve strength, speed, and technique. Training takes place in a safe and supportive environment. Classes are designed to improve swimming technique and overall performance. Swimmers practice both individual skills and group exercises. Participants work on different strokes, breathing, and body control in the water."
7,"Regular practice helps improve strength, speed, and technique. Lessons are adapted to match the abilities of each participant. Training takes place in a safe and supportive environment. Swimmers practice both individual skills and group exercises. The goal is to develop solid swimming skills step by step. Classes are designed to improve swimming technique and overall performance."
8,"Training takes place in a safe and supportive environment. The goal is to develop solid swimming skills step by step. Participants work on different strokes, breathing, and body control in the water. The program focuses on building confidence and consistency in the water. Sessions include drills, endurance training, and coordination exercises. Classes are designed to improve swimming technique and overall performance."
9,"Training takes place in a safe and supportive environment. Participants work on different strokes, breathing, and body control in the water. Classes are designed to improve swimming technique and overall performance. Instructors provide individual feedback to help swimmers progress effectively. Lessons are adapted to match the abilities of each participant. Regular practice helps improve strength, speed, and technique."
10,"Lessons are adapted to match the abilities of each participant. Participants work on different strokes, breathing, and body control in the water. Training takes place in a safe and supportive environment. Instructors provide individual feedback to help swimmers progress effectively. Regular practice helps improve strength, speed, and technique. Sessions include drills, endurance training, and coordination exercises."
11,"The program focuses on building confidence and consistency in the water. Classes are designed to improve swimming technique and overall performance. Instructors provide individual feedback to help swimmers progress effectively. Regular practice helps improve strength, speed, and technique. Lessons are adapted to match the abilities of each participant. Swimmers practice both individual skills and group exercises."
12,"Training takes place in a safe and supportive environment. Swimmers practice both individual skills and group exercises. Regular practice helps improve strength, speed, and technique. The goal is to develop solid swimming skills step by step. Lessons are adapted to match the abilities of each participant. The program focuses on building confidence and consistency in the water."
13,"Training takes place in a safe and supportive environment. Sessions include drills, endurance training, and coordination exercises. Lessons are adapted to match the abilities of each participant. Swimmers practice both individual skills and group exercises. The program focuses on building confidence and consistency in the water. The goal is to develop solid swimming skills step by step."
14,"Swimmers practice both individual skills and group exercises. Instructors provide individual feedback to help swimmers progress effectively. Participants work on different strokes, breathing, and body control in the water. Sessions include drills, endurance training, and coordination exercises. Training takes place in a safe and supportive environment. The goal is to develop solid swimming skills step by step."
15,"Swimmers practice both individual skills and group exercises. The program focuses on building confidence and consistency in the water. The goal is to develop solid swimming skills step by step. Lessons are adapted to match the abilities of each participant. Training takes place in a safe and supportive environment. Sessions include drills, endurance training, and coordination exercises."
16,"Lessons are adapted to match the abilities of each participant. Regular practice helps improve strength, speed, and technique. Instructors provide individual feedback to help swimmers progress effectively. The program focuses on building confidence and consistency in the water. Swimmers practice both individual skills and group exercises. Classes are designed to improve swimming technique and overall performance."
17,"Classes are designed to improve swimming technique and overall performance. Training takes place in a safe and supportive environment. Instructors provide individual feedback to help swimmers progress effectively. Participants work on different strokes, breathing, and body control in the water. The goal is to develop solid swimming skills step by step. Swimmers practice both individual skills and group exercises."
18,"Participants work on different strokes, breathing, and body control in the water. Training takes place in a safe and supportive environment. Instructors provide individual feedback to help swimmers progress effectively. Classes are designed to improve swimming technique and overall performance. Swimmers practice both individual skills and group exercises. The goal is to develop solid swimming skills step by step."
19,"Instructors provide individual feedback to help swimmers progress effectively. Swimmers practice both individual skills and group exercises. Classes are designed to improve swimming technique and overall performance. Training takes place in a safe and supportive environment. Sessions include drills, endurance training, and coordination exercises. Regular practice helps improve strength, speed, and technique."
20,"Classes are designed to improve swimming technique and overall performance. The program focuses on building confidence and consistency in the water. Instructors provide individual feedback to help swimmers progress effectively. Regular practice helps improve strength, speed, and technique. The goal is to develop solid swimming skills step by step. Swimmers practice both individual skills and group exercises."
21,"The program focuses on building confidence and consistency in the water. Swimmers practice both individual skills and group exercises. Participants work on different strokes, breathing, and body control in the water. Training takes place in a safe and supportive environment. The goal is to develop solid swimming skills step by step. Sessions include drills, endurance training, and coordination exercises."
22,"Lessons are adapted to match the abilities of each participant. The program focuses on building confidence and consistency in the water. Sessions include drills, endurance training, and coordination exercises. Swimmers practice both individual skills and group exercises. Instructors provide individual feedback to help swimmers progress effectively. Regular practice helps improve strength, speed, and technique."
23,"Lessons are adapted to match the abilities of each participant. The goal is to develop solid swimming skills step by step. Training takes place in a safe and supportive environment. Classes are designed to improve swimming technique and overall performance. The program focuses on building confidence and consistency in the water. Regular practice helps improve strength, speed, and technique."
24,"Regular practice helps improve strength, speed, and technique. Participants work on different strokes, breathing, and body control in the water. Instructors provide individual feedback to help swimmers progress effectively. Training takes place in a safe and supportive environment. Lessons are adapted to match the abilities of each participant. The program focuses on building confidence and consistency in the water."
25,"Instructors provide individual feedback to help swimmers progress effectively. Sessions include drills, endurance training, and coordination exercises. Classes are designed to improve swimming technique and overall performance. The goal is to develop solid swimming skills step by step. Swimmers practice both individual skills and group exercises. Lessons are adapted to match the abilities of each participant."
26,Lessons are adapted to match the abilities of each participant. Classes are designed to improve swimming technique and overall performance. Instructors provide individual feedback to help swimmers progress effectively. Training takes place in a safe and supportive environment. Swimmers practice both individual skills and group exercises. The program focuses on building confidence and consistency in the water.
27,"The goal is to develop solid swimming skills step by step. Classes are designed to improve swimming technique and overall performance. Regular practice helps improve strength, speed, and technique. Lessons are adapted to match the abilities of each participant. Swimmers practice both individual skills and group exercises. The program focuses on building confidence and consistency in the water."
28,"Swimmers practice both individual skills and group exercises. Lessons are adapted to match the abilities of each participant. Instructors provide individual feedback to help swimmers progress effectively. The goal is to develop solid swimming skills step by step. Sessions include drills, endurance training, and coordination exercises. Classes are designed to improve swimming technique and overall performance."
29,"Participants work on different strokes, breathing, and body control in the water. Classes are designed to improve swimming technique and overall performance. The goal is to develop solid swimming skills step by step. Swimmers practice both individual skills and group exercises. Instructors provide individual feedback to help swimmers progress effectively. Regular practice helps improve strength, speed, and technique."
30,"The program focuses on building confidence and consistency in the water. Training takes place in a safe and supportive environment. Sessions include drills, endurance training, and coordination exercises. Regular practice helps improve strength, speed, and technique. The goal is to develop solid swimming skills step by step. Lessons are adapted to match the abilities of each participant."
31,"Participants work on different strokes, breathing, and body control in the water. Sessions include drills, endurance training, and coordination exercises. Classes are designed to improve swimming technique and overall performance. Instructors provide individual feedback to help swimmers progress effectively. The goal is to develop solid swimming skills step by step. Lessons are adapted to match the abilities of each participant."
32,"The goal is to develop solid swimming skills step by step. The program focuses on building confidence and consistency in the water. Training takes place in a safe and supportive environment. Classes are designed to improve swimming technique and overall performance. Instructors provide individual feedback to help swimmers progress effectively. Participants work on different strokes, breathing, and body control in the water."
33,"The program focuses on building confidence and consistency in the water. Training takes place in a safe and supportive environment. Classes are designed to improve swimming technique and overall performance. Participants work on different strokes, breathing, and body control in the water. Instructors provide individual feedback to help swimmers progress effectively. Swimmers practice both individual skills and group exercises."
34,"Training takes place in a safe and supportive environment. Classes are designed to improve swimming technique and overall performance. Regular practice helps improve strength, speed, and technique. Sessions include drills, endurance training, and coordination exercises. Instructors provide individual feedback to help swimmers progress effectively. Participants work on different strokes, breathing, and body control in the water."
35,"Participants work on different strokes, breathing, and body control in the water. The program focuses on building confidence and consistency in the water. Regular practice helps improve strength, speed, and technique. Swimmers practice both individual skills and group exercises. Sessions include drills, endurance training, and coordination exercises. Instructors provide individual feedback to help swimmers progress effectively."
36,"Regular practice helps improve strength, speed, and technique. Training takes place in a safe and supportive environment. The goal is to develop solid swimming skills step by step. Swimmers practice both individual skills and group exercises. Lessons are adapted to match the abilities of each participant. The program focuses on building confidence and consistency in the water."
37,"Swimmers practice both individual skills and group exercises. The goal is to develop solid swimming skills step by step. Instructors provide individual feedback to help swimmers progress effectively. The program focuses on building confidence and consistency in the water. Lessons are adapted to match the abilities of each participant. Regular practice helps improve strength, speed, and technique."
38,"The goal is to develop solid swimming skills step by step. Training takes place in a safe and supportive environment. The program focuses on building confidence and consistency in the water. Classes are designed to improve swimming technique and overall performance. Sessions include drills, endurance training, and coordination exercises. Lessons are adapted to match the abilities of each participant."
39,"Regular practice helps improve strength, speed, and technique. Instructors provide individual feedback to help swimmers progress effectively. Sessions include drills, endurance training, and coordination exercises. The goal is to develop solid swimming skills step by step. The program focuses on building confidence and consistency in the water. Participants work on different strokes, breathing, and body control in the water."
40,"Swimmers practice both individual skills and group exercises. Sessions include drills, endurance training, and coordination exercises. The goal is to develop solid swimming skills step by step. Lessons are adapted to match the abilities of each participant. Instructors provide individual feedback to help swimmers progress effectively. Classes are designed to improve swimming technique and overall performance."
41,"The program focuses on building confidence and consistency in the water. Participants work on different strokes, breathing, and body control in the water. Lessons are adapted to match the abilities of each participant. Regular practice helps improve strength, speed, and technique. Classes are designed to improve swimming technique and overall performance. Swimmers practice both individual skills and group exercises."
42,"The goal is to develop solid swimming skills step by step. The program focuses on building confidence and consistency in the water. Participants work on different strokes, breathing, and body control in the water. Instructors provide individual feedback to help swimmers progress effectively. Training takes place in a safe and supportive environment. Swimmers practice both individual skills and group exercises."
43,"Swimmers practice both individual skills and group exercises. Instructors provide individual feedback to help swimmers progress effectively. The goal is to develop solid swimming skills step by step. Lessons are adapted to match the abilities of each participant. Training takes place in a safe and supportive environment. Sessions include drills, endurance training, and coordination exercises."
44,"Regular practice helps improve strength, speed, and technique. Lessons are adapted to match the abilities of each participant. Instructors provide individual feedback to help swimmers progress effectively. Classes are designed to improve swimming technique and overall performance. Participants work on different strokes, breathing, and body control in the water. Sessions include drills, endurance training, and coordination exercises."
45,"Sessions include drills, endurance training, and coordination exercises. Regular practice helps improve strength, speed, and technique. Lessons are adapted to match the abilities of each participant. Instructors provide individual feedback to help swimmers progress effectively. Training takes place in a safe and supportive environment. Swimmers practice both individual skills and group exercises."
46,"Sessions include drills, endurance training, and coordination exercises. The program focuses on building confidence and consistency in the water. Regular practice helps improve strength, speed, and technique. Classes are designed to improve swimming technique and overall performance. Lessons are adapted to match the abilities of each participant. Training takes place in a safe and supportive environment."
47,"Training takes place in a safe and supportive environment. Regular practice helps improve strength, speed, and technique. The goal is to develop solid swimming skills step by step. Swimmers practice both individual skills and group exercises. Classes are designed to improve swimming technique and overall performance. Lessons are adapted to match the abilities of each participant."
48,"Lessons are adapted to match the abilities of each participant. The program focuses on building confidence and consistency in the water. Participants work on different strokes, breathing, and body control in the water. Instructors provide individual feedback to help swimmers progress effectively. Swimmers practice both individual skills and group exercises. Classes are designed to improve swimming technique and overall performance."
49,"The goal is to develop solid swimming skills step by step. Lessons are adapted to match the abilities of each participant. Participants work on different strokes, breathing, and body control in the water. Training takes place in a safe and supportive environment. The program focuses on building confidence and consistency in the water. Swimmers practice both individual skills and group exercises."
50,"Sessions include drills, endurance training, and coordination exercises. Classes are designed to improve swimming technique and overall performance. Training takes place in a safe and supportive environment. Swimmers practice both individual skills and group exercises. The goal is to develop solid swimming skills step by step. Participants work on different strokes, breathing, and body control in the water."
